<?xml version="1.0" encoding="UTF-8"?>
<project-private xmlns="http://www.netbeans.org/ns/project-private/1">
    <editor-bookmarks xmlns="http://www.netbeans.org/ns/editor-bookmarks/2" lastBookmarkId="0"/>
    <open-files xmlns="http://www.netbeans.org/ns/projectui-open-files/2">
        <group>
            <file>file:/C:/Users/Iker/Documents/GitHub/ProgramacionFase2/EjercicioFase2/src/Clases/AdministracionBD.java</file>
            <file>file:/C:/Users/Iker/Documents/GitHub/ProgramacionFase2/EjercicioFase2/src/Clases/GenericoBD.java</file>
            <file>file:/C:/Users/Iker/Documents/GitHub/ProgramacionFase2/EjercicioFase2/src/Clases/LogisticaBD.java</file>
            <file>file:/C:/Users/Iker/Documents/GitHub/ProgramacionFase2/EjercicioFase2/src/Clases/PersonaBD.java</file>
            <file>file:/C:/Users/Iker/Documents/GitHub/ProgramacionFase2/EjercicioFase2/src/Vistas/NuevaPersona.java</file>
            <file>file:/C:/Users/Iker/Documents/GitHub/ProgramacionFase2/EjercicioFase2/src/Vistas/Opcion.java</file>
            <file>file:/C:/Users/Iker/Documents/GitHub/ProgramacionFase2/EjercicioFase2/src/Vistas/Cambio.java</file>
            <file>file:/C:/Users/Iker/Documents/GitHub/ProgramacionFase2/EjercicioFase2/src/Clases/Persona.java</file>
            <file>file:/C:/Users/Iker/Documents/GitHub/ProgramacionFase2/EjercicioFase2/src/Clases/CentroBD.java</file>
            <file>file:/C:/Users/Iker/Documents/GitHub/ProgramacionFase2/EjercicioFase2/src/ejerciciofase2/EjercicioFase2.java</file>
            <file>file:/C:/Users/Iker/Documents/GitHub/ProgramacionFase2/EjercicioFase2/src/Vistas/NuevoCentro.java</file>
            <file>file:/C:/Users/Iker/Documents/GitHub/ProgramacionFase2/EjercicioFase2/src/Vistas/Centro.java</file>
        </group>
    </open-files>
</project-private>
